Product,Channel,Week,Horizon,Predicted
Cereal Bar 50g,E-commerce,2026-06-29,1,0.9960224814396342
Cereal Bar 50g,E-commerce,2026-07-06,2,1.0461392411894586
Cereal Bar 50g,E-commerce,2026-07-13,3,0.9467531342251209
Cereal Bar 50g,E-commerce,2026-07-20,4,1.0014542833289457
Cereal Bar 50g,E-commerce,2026-07-27,5,1.0069110258770488
Cereal Bar 50g,E-commerce,2026-08-03,6,1.0237414315858506
Cereal Bar 50g,E-commerce,2026-08-10,7,1.0061283325139014
Cereal Bar 50g,E-commerce,2026-08-17,8,0.9578811619803629
Cereal Bar 50g,E-commerce,2026-08-24,9,0.9616156683382663
Cereal Bar 50g,E-commerce,2026-08-31,10,0.9837749851306388
Cereal Bar 50g,E-commerce,2026-09-07,11,1.0294112586399082
Cereal Bar 50g,E-commerce,2026-09-14,12,1.018127231342816
Cereal Bar 50g,E-commerce,2026-09-21,13,0.9493952740303069
Cereal Bar 50g,E-commerce,2026-09-28,14,0.9642548615758856
Cereal Bar 50g,E-commerce,2026-10-05,15,0.9436137102818198
Cereal Bar 50g,E-commerce,2026-10-12,16,1.006358687991246
Cereal Bar 50g,E-commerce,2026-10-19,17,0.9764473428052609
Cereal Bar 50g,E-commerce,2026-10-26,18,0.9552807910551049
Cereal Bar 50g,E-commerce,2026-11-02,19,1.0027767548069442
Cereal Bar 50g,E-commerce,2026-11-09,20,0.9667722033570322
Cereal Bar 50g,E-commerce,2026-11-16,21,0.9820539768238211
Cereal Bar 50g,E-commerce,2026-11-23,22,1.0120633794207354
Cereal Bar 50g,E-commerce,2026-11-30,23,0.9737454980836381
Cereal Bar 50g,E-commerce,2026-12-07,24,0.9409163058067875
Cereal Bar 50g,E-commerce,2026-12-14,25,1.0038919335453615
Cereal Bar 50g,E-commerce,2026-12-21,26,0.9842703264476489
Cereal Bar 50g,E-commerce,2026-12-28,27,1.0305448304483342
Cereal Bar 50g,E-commerce,2027-01-04,28,1.0303108237356111
Cereal Bar 50g,E-commerce,2027-01-11,29,0.9710926523103363
Cereal Bar 50g,E-commerce,2027-01-18,30,0.9617679378359634
Cereal Bar 50g,E-commerce,2027-01-25,31,0.9874961224011497
Cereal Bar 50g,E-commerce,2027-02-01,32,0.9446141694948961
Cereal Bar 50g,E-commerce,2027-02-08,33,0.9953448439019926
Cereal Bar 50g,E-commerce,2027-02-15,34,0.9811695433068163
Cereal Bar 50g,E-commerce,2027-02-22,35,1.0307740432085584
Cereal Bar 50g,E-commerce,2027-03-01,36,1.0316736083042612
Cereal Bar 50g,E-commerce,2027-03-08,37,0.9734720051766997
Cereal Bar 50g,E-commerce,2027-03-15,38,0.9550219784249303
Cereal Bar 50g,E-commerce,2027-03-22,39,0.9634581116620058
Cereal Bar 50g,E-commerce,2027-03-29,40,1.008304225770281
Cereal Bar 50g,E-commerce,2027-04-05,41,0.9470705440498729
Cereal Bar 50g,E-commerce,2027-04-12,42,0.9981464579851804
Cereal Bar 50g,E-commerce,2027-04-19,43,1.0305448304483342
Cereal Bar 50g,E-commerce,2027-04-26,44,0.9888200831686
Cereal Bar 50g,E-commerce,2027-05-03,45,1.0084501093972096
Cereal Bar 50g,E-commerce,2027-05-10,46,1.0341924634247293
Cereal Bar 50g,E-commerce,2027-05-17,47,0.9617679378359634
Cereal Bar 50g,E-commerce,2027-05-24,48,0.98864349224454
Cereal Bar 50g,E-commerce,2027-05-31,49,0.9883487563232058
Cereal Bar 50g,E-commerce,2027-06-07,50,0.9781051580765812
Cereal Bar 50g,E-commerce,2027-06-14,51,0.9854925751962345
Cereal Bar 50g,E-commerce,2027-06-21,52,0.9820262718304507
Cereal Bar 50g,E-commerce,2027-06-28,53,0.957123144397982
Cereal Bar 50g,E-commerce,2027-07-05,54,0.9879861457568981
Cereal Bar 50g,E-commerce,2027-07-12,55,0.9667722033570322
Cereal Bar 50g,E-commerce,2027-07-19,56,0.9930003796630281
Cereal Bar 50g,E-commerce,2027-07-26,57,0.9952225781161408
Cereal Bar 50g,E-commerce,2027-08-02,58,0.9916409853848982
Cereal Bar 50g,E-commerce,2027-08-09,59,0.954405970526973
Cereal Bar 50g,E-commerce,2027-08-16,60,0.9934821437009483
Cereal Bar 50g,E-commerce,2027-08-23,61,1.0067443667819749
Cereal Bar 50g,E-commerce,2027-08-30,62,0.9166375917237303
Cereal Bar 50g,E-commerce,2027-09-06,63,1.0041146333740478
Cereal Bar 50g,E-commerce,2027-09-13,64,0.9500712542851077
Cereal Bar 50g,E-commerce,2027-09-20,65,0.9972678517618121
Cereal Bar 50g,E-commerce,2027-09-27,66,0.9976211630193201
Cereal Bar 50g,E-commerce,2027-10-04,67,0.9689028621244034
Cereal Bar 50g,E-commerce,2027-10-11,68,0.9694219013108285
Cereal Bar 50g,E-commerce,2027-10-18,69,1.0307740432085584
Cereal Bar 50g,E-commerce,2027-10-25,70,0.9235892462077482
Cereal Bar 50g,E-commerce,2027-11-01,71,0.9310954405664194
Cereal Bar 50g,E-commerce,2027-11-08,72,1.008927020433877
Cereal Bar 50g,E-commerce,2027-11-15,73,0.9495068940939252
Cereal Bar 50g,E-commerce,2027-11-22,74,1.0043893247399436
Cereal Bar 50g,E-commerce,2027-11-29,75,0.9639101549542961
Cereal Bar 50g,E-commerce,2027-12-06,76,1.022519500657737
Cereal Bar 50g,E-commerce,2027-12-13,77,0.9894003152672162
Cereal Bar 50g,E-commerce,2027-12-20,78,1.014080710808685
Whole Grain Crackers 200g,E-commerce,2026-06-29,1,0.9324529994853007
Whole Grain Crackers 200g,E-commerce,2026-07-06,2,0.9736691967652219
Whole Grain Crackers 200g,E-commerce,2026-07-13,3,0.9716300583064531
Whole Grain Crackers 200g,E-commerce,2026-07-20,4,0.9528778149597348
Whole Grain Crackers 200g,E-commerce,2026-07-27,5,0.9915176278312057
Whole Grain Crackers 200g,E-commerce,2026-08-03,6,0.9904129072663214
Whole Grain Crackers 200g,E-commerce,2026-08-10,7,1.0183308517460274
Whole Grain Crackers 200g,E-commerce,2026-08-17,8,0.9573112770168015
Whole Grain Crackers 200g,E-commerce,2026-08-24,9,1.0164765068028678
Whole Grain Crackers 200g,E-commerce,2026-08-31,10,1.0135421314248352
Whole Grain Crackers 200g,E-commerce,2026-09-07,11,1.0023475070808865
Whole Grain Crackers 200g,E-commerce,2026-09-14,12,0.9667819860696091
Whole Grain Crackers 200g,E-commerce,2026-09-21,13,0.9552029653736782
Whole Grain Crackers 200g,E-commerce,2026-09-28,14,1.0105805711748228
Whole Grain Crackers 200g,E-commerce,2026-10-05,15,0.9997635426622823
Whole Grain Crackers 200g,E-commerce,2026-10-12,16,1.0373888464161123
Whole Grain Crackers 200g,E-commerce,2026-10-19,17,1.0179001763966313
Whole Grain Crackers 200g,E-commerce,2026-10-26,18,0.9873535199026675
Whole Grain Crackers 200g,E-commerce,2026-11-02,19,1.0285278302322947
Whole Grain Crackers 200g,E-commerce,2026-11-09,20,1.0265161508976082
Whole Grain Crackers 200g,E-commerce,2026-11-16,21,1.0335747957657264
Whole Grain Crackers 200g,E-commerce,2026-11-23,22,1.0177807292550753
Whole Grain Crackers 200g,E-commerce,2026-11-30,23,0.9754332746243649
Whole Grain Crackers 200g,E-commerce,2026-12-07,24,1.035866586774996
Whole Grain Crackers 200g,E-commerce,2026-12-14,25,0.9640239813747163
Whole Grain Crackers 200g,E-commerce,2026-12-21,26,1.0305386948989865
Whole Grain Crackers 200g,E-commerce,2026-12-28,27,1.016397021657299
Whole Grain Crackers 200g,E-commerce,2027-01-04,28,1.0096016295945747
Whole Grain Crackers 200g,E-commerce,2027-01-11,29,1.0042507728491492
Whole Grain Crackers 200g,E-commerce,2027-01-18,30,0.9623676225692314
Whole Grain Crackers 200g,E-commerce,2027-01-25,31,0.9865643167094045
Whole Grain Crackers 200g,E-commerce,2027-02-01,32,0.9402095493357474
Whole Grain Crackers 200g,E-commerce,2027-02-08,33,0.9901930451346268
Whole Grain Crackers 200g,E-commerce,2027-02-15,34,1.0106210119391188
Whole Grain Crackers 200g,E-commerce,2027-02-22,35,0.9744018560924127
Whole Grain Crackers 200g,E-commerce,2027-03-01,36,0.9711626773855039
Whole Grain Crackers 200g,E-commerce,2027-03-08,37,0.9772328111825317
Whole Grain Crackers 200g,E-commerce,2027-03-15,38,0.9512909453363994
Whole Grain Crackers 200g,E-commerce,2027-03-22,39,0.985698969491878
Whole Grain Crackers 200g,E-commerce,2027-03-29,40,1.008756031819121
Whole Grain Crackers 200g,E-commerce,2027-04-05,41,1.0107619735715494
Whole Grain Crackers 200g,E-commerce,2027-04-12,42,0.997643849233287
Whole Grain Crackers 200g,E-commerce,2027-04-19,43,1.0087114073059764
Whole Grain Crackers 200g,E-commerce,2027-04-26,44,1.0430754311554649
Whole Grain Crackers 200g,E-commerce,2027-05-03,45,0.9831322695864951
Whole Grain Crackers 200g,E-commerce,2027-05-10,46,0.941258178934826
Whole Grain Crackers 200g,E-commerce,2027-05-17,47,0.9985714846624678
Whole Grain Crackers 200g,E-commerce,2027-05-24,48,0.9628040186509255
Whole Grain Crackers 200g,E-commerce,2027-05-31,49,0.9885789804899596
Whole Grain Crackers 200g,E-commerce,2027-06-07,50,0.9617291554392591
Whole Grain Crackers 200g,E-commerce,2027-06-14,51,0.9296853146602095
Whole Grain Crackers 200g,E-commerce,2027-06-21,52,1.0124504156929885
Whole Grain Crackers 200g,E-commerce,2027-06-28,53,0.922345920418329
Whole Grain Crackers 200g,E-commerce,2027-07-05,54,0.9376473891653478
Whole Grain Crackers 200g,E-commerce,2027-07-12,55,0.9845157314651051
Whole Grain Crackers 200g,E-commerce,2027-07-19,56,0.9828701107999993
Whole Grain Crackers 200g,E-commerce,2027-07-26,57,1.0222412382169104
Whole Grain Crackers 200g,E-commerce,2027-08-02,58,0.9863746670871492
Whole Grain Crackers 200g,E-commerce,2027-08-09,59,1.0482188089148905
Whole Grain Crackers 200g,E-commerce,2027-08-16,60,0.9782386135684188
Whole Grain Crackers 200g,E-commerce,2027-08-23,61,0.9399230014115642
Whole Grain Crackers 200g,E-commerce,2027-08-30,62,0.9981768788307867
Whole Grain Crackers 200g,E-commerce,2027-09-06,63,0.9688416844316303
Whole Grain Crackers 200g,E-commerce,2027-09-13,64,1.030912929193872
Whole Grain Crackers 200g,E-commerce,2027-09-20,65,1.010420279463871
Whole Grain Crackers 200g,E-commerce,2027-09-27,66,0.9502442139987108
Whole Grain Crackers 200g,E-commerce,2027-10-04,67,1.0182597168223382
Whole Grain Crackers 200g,E-commerce,2027-10-11,68,0.9425031453674939
Whole Grain Crackers 200g,E-commerce,2027-10-18,69,1.0077974423084997
Whole Grain Crackers 200g,E-commerce,2027-10-25,70,1.0062312616080344
Whole Grain Crackers 200g,E-commerce,2027-11-01,71,1.049412283176724
Whole Grain Crackers 200g,E-commerce,2027-11-08,72,0.9945044440040153
Whole Grain Crackers 200g,E-commerce,2027-11-15,73,1.0085770758433357
Whole Grain Crackers 200g,E-commerce,2027-11-22,74,0.9834000738655888
Whole Grain Crackers 200g,E-commerce,2027-11-29,75,1.0227353260741012
Whole Grain Crackers 200g,E-commerce,2027-12-06,76,0.9797710134516253
Whole Grain Crackers 200g,E-commerce,2027-12-13,77,1.0160732240919335
Whole Grain Crackers 200g,E-commerce,2027-12-20,78,0.9949055569384141
Cereal Bar 50g,Supermarkets,2026-06-29,1,1.9681727633446688
Cereal Bar 50g,Supermarkets,2026-07-06,2,2.8414717710785244
Cereal Bar 50g,Supermarkets,2026-07-13,3,2.3679645942291825
Cereal Bar 50g,Supermarkets,2026-07-20,4,2.2689746771678596
Cereal Bar 50g,Supermarkets,2026-07-27,5,2.314917536479748
Cereal Bar 50g,Supermarkets,2026-08-03,6,2.6328522988610135
Cereal Bar 50g,Supermarkets,2026-08-10,7,2.185103938916273
Cereal Bar 50g,Supermarkets,2026-08-17,8,2.8406811279233195
Cereal Bar 50g,Supermarkets,2026-08-24,9,2.755999682389481
Cereal Bar 50g,Supermarkets,2026-08-31,10,2.1187343321513117
Cereal Bar 50g,Supermarkets,2026-09-07,11,2.0972932899029826
Cereal Bar 50g,Supermarkets,2026-09-14,12,2.9003070954138757
Cereal Bar 50g,Supermarkets,2026-09-21,13,2.3174338242642376
Cereal Bar 50g,Supermarkets,2026-09-28,14,1.893890284623549
Cereal Bar 50g,Supermarkets,2026-10-05,15,2.340999283343884
Cereal Bar 50g,Supermarkets,2026-10-12,16,2.5975285115521585
Cereal Bar 50g,Supermarkets,2026-10-19,17,2.3980462670534117
Cereal Bar 50g,Supermarkets,2026-10-26,18,2.0442137110173
Cereal Bar 50g,Supermarkets,2026-11-02,19,1.8084185050889579
Cereal Bar 50g,Supermarkets,2026-11-09,20,1.880758860417025
Cereal Bar 50g,Supermarkets,2026-11-16,21,2.2651295930325808
Cereal Bar 50g,Supermarkets,2026-11-23,22,1.9394152303412155
Cereal Bar 50g,Supermarkets,2026-11-30,23,1.91459934551776
Cereal Bar 50g,Supermarkets,2026-12-07,24,2.2136009752586046
Cereal Bar 50g,Supermarkets,2026-12-14,25,2.569893475649874
Cereal Bar 50g,Supermarkets,2026-12-21,26,1.8493345123346683
Cereal Bar 50g,Supermarkets,2026-12-28,27,2.5767174129527537
Cereal Bar 50g,Supermarkets,2027-01-04,28,2.9088243610968596
Cereal Bar 50g,Supermarkets,2027-01-11,29,2.4689684929007565
Cereal Bar 50g,Supermarkets,2027-01-18,30,2.287170284990955
Cereal Bar 50g,Supermarkets,2027-01-25,31,2.174561167818306
Cereal Bar 50g,Supermarkets,2027-02-01,32,2.5459797136468727
Cereal Bar 50g,Supermarkets,2027-02-08,33,2.1876010606429865
Cereal Bar 50g,Supermarkets,2027-02-15,34,2.5545089046700737
Cereal Bar 50g,Supermarkets,2027-02-22,35,2.195444691591755
Cereal Bar 50g,Supermarkets,2027-03-01,36,2.9184901602624556
Cereal Bar 50g,Supermarkets,2027-03-08,37,2.7086601990713826
Cereal Bar 50g,Supermarkets,2027-03-15,38,3.2007356438575014
Cereal Bar 50g,Supermarkets,2027-03-22,39,2.5545720989289937
Cereal Bar 50g,Supermarkets,2027-03-29,40,2.9099368266119137
Cereal Bar 50g,Supermarkets,2027-04-05,41,2.7466486396434915
Cereal Bar 50g,Supermarkets,2027-04-12,42,2.728908604157518
Cereal Bar 50g,Supermarkets,2027-04-19,43,2.3547720203320184
Cereal Bar 50g,Supermarkets,2027-04-26,44,2.884054223780953
Cereal Bar 50g,Supermarkets,2027-05-03,45,2.066713276303533
Cereal Bar 50g,Supermarkets,2027-05-10,46,2.4423397636699717
Cereal Bar 50g,Supermarkets,2027-05-17,47,3.016074507897106
Cereal Bar 50g,Supermarkets,2027-05-24,48,2.191956849277468
Cereal Bar 50g,Supermarkets,2027-05-31,49,2.1422393769339494
Cereal Bar 50g,Supermarkets,2027-06-07,50,2.806315857858955
Cereal Bar 50g,Supermarkets,2027-06-14,51,2.8757334253996145
Cereal Bar 50g,Supermarkets,2027-06-21,52,1.8770243619908775
Cereal Bar 50g,Supermarkets,2027-06-28,53,2.9833621889704744
Cereal Bar 50g,Supermarkets,2027-07-05,54,2.1946001290930304
Cereal Bar 50g,Supermarkets,2027-07-12,55,2.9455601849392865
Cereal Bar 50g,Supermarkets,2027-07-19,56,2.1944038214273927
Cereal Bar 50g,Supermarkets,2027-07-26,57,2.8563155243423926
Cereal Bar 50g,Supermarkets,2027-08-02,58,2.4608650434812613
Cereal Bar 50g,Supermarkets,2027-08-09,59,2.052208667661787
Cereal Bar 50g,Supermarkets,2027-08-16,60,2.1034422871439737
Cereal Bar 50g,Supermarkets,2027-08-23,61,2.0380358352237664
Cereal Bar 50g,Supermarkets,2027-08-30,62,2.4602795307162943
Cereal Bar 50g,Supermarkets,2027-09-06,63,2.5912440747023844
Cereal Bar 50g,Supermarkets,2027-09-13,64,2.7134955027533656
Cereal Bar 50g,Supermarkets,2027-09-20,65,2.203397025835242
Cereal Bar 50g,Supermarkets,2027-09-27,66,2.439960482765021
Cereal Bar 50g,Supermarkets,2027-10-04,67,2.3097037870065003
Cereal Bar 50g,Supermarkets,2027-10-11,68,2.7001080564934186
Cereal Bar 50g,Supermarkets,2027-10-18,69,2.44192461550162
Cereal Bar 50g,Supermarkets,2027-10-25,70,2.5430312934793746
Cereal Bar 50g,Supermarkets,2027-11-01,71,1.9300216432832495
Cereal Bar 50g,Supermarkets,2027-11-08,72,2.439940498466337
Cereal Bar 50g,Supermarkets,2027-11-15,73,2.497081821371499
Cereal Bar 50g,Supermarkets,2027-11-22,74,2.06362726317151
Cereal Bar 50g,Supermarkets,2027-11-29,75,2.5095178529604603
Cereal Bar 50g,Supermarkets,2027-12-06,76,2.20374080699807
Cereal Bar 50g,Supermarkets,2027-12-13,77,2.587033630581233
Cereal Bar 50g,Supermarkets,2027-12-20,78,1.8321900715343935
Natural Juice 1L,Supermarkets,2026-06-29,1,9.77129808875112
Natural Juice 1L,Supermarkets,2026-07-06,2,7.877967680468762
Natural Juice 1L,Supermarkets,2026-07-13,3,9.118486961242196
Natural Juice 1L,Supermarkets,2026-07-20,4,8.610776817832058
Natural Juice 1L,Supermarkets,2026-07-27,5,6.6004884119939184
Natural Juice 1L,Supermarkets,2026-08-03,6,5.895141416162873
Natural Juice 1L,Supermarkets,2026-08-10,7,5.719641260700392
Natural Juice 1L,Supermarkets,2026-08-17,8,6.280777661020575
Natural Juice 1L,Supermarkets,2026-08-24,9,5.096012721181048
Natural Juice 1L,Supermarkets,2026-08-31,10,4.310535190602404
Natural Juice 1L,Supermarkets,2026-09-07,11,4.921407961863072
Natural Juice 1L,Supermarkets,2026-09-14,12,5.045891764522248
Natural Juice 1L,Supermarkets,2026-09-21,13,4.972526846589644
Natural Juice 1L,Supermarkets,2026-09-28,14,4.65526522646186
Natural Juice 1L,Supermarkets,2026-10-05,15,4.545039140909847
Natural Juice 1L,Supermarkets,2026-10-12,16,3.6033493701124364
Natural Juice 1L,Supermarkets,2026-10-19,17,4.9483961180016856
Natural Juice 1L,Supermarkets,2026-10-26,18,3.990448550393664
Natural Juice 1L,Supermarkets,2026-11-02,19,3.3680006719285123
Natural Juice 1L,Supermarkets,2026-11-09,20,4.05357494365341
Natural Juice 1L,Supermarkets,2026-11-16,21,3.865732877552345
Natural Juice 1L,Supermarkets,2026-11-23,22,4.5194417981373896
Natural Juice 1L,Supermarkets,2026-11-30,23,3.760699213295304
Natural Juice 1L,Supermarkets,2026-12-07,24,4.38174507247829
Natural Juice 1L,Supermarkets,2026-12-14,25,4.964465758981016
Natural Juice 1L,Supermarkets,2026-12-21,26,4.566238369766853
Natural Juice 1L,Supermarkets,2026-12-28,27,5.739845632271447
Natural Juice 1L,Supermarkets,2027-01-04,28,7.504921021762158
Natural Juice 1L,Supermarkets,2027-01-11,29,7.480502023051283
Natural Juice 1L,Supermarkets,2027-01-18,30,7.792352121056084
Natural Juice 1L,Supermarkets,2027-01-25,31,8.065749410932309
Natural Juice 1L,Supermarkets,2027-02-01,32,8.706901437052979
Natural Juice 1L,Supermarkets,2027-02-08,33,10.086045749179894
Natural Juice 1L,Supermarkets,2027-02-15,34,10.132480461131312
Natural Juice 1L,Supermarkets,2027-02-22,35,8.012308371868066
Natural Juice 1L,Supermarkets,2027-03-01,36,8.30812549575667
Natural Juice 1L,Supermarkets,2027-03-08,37,9.549020749174264
Natural Juice 1L,Supermarkets,2027-03-15,38,10.024930449045646
Natural Juice 1L,Supermarkets,2027-03-22,39,9.73429762770178
Natural Juice 1L,Supermarkets,2027-03-29,40,8.597861555501977
Natural Juice 1L,Supermarkets,2027-04-05,41,7.118931317512715
Natural Juice 1L,Supermarkets,2027-04-12,42,9.581825451107182
Natural Juice 1L,Supermarkets,2027-04-19,43,10.057673453183268
Natural Juice 1L,Supermarkets,2027-04-26,44,7.988687369385149
Natural Juice 1L,Supermarkets,2027-05-03,45,10.952977203902384
Natural Juice 1L,Supermarkets,2027-05-10,46,9.194850831920379
Natural Juice 1L,Supermarkets,2027-05-17,47,9.237733248431688
Natural Juice 1L,Supermarkets,2027-05-24,48,8.581903560583573
Natural Juice 1L,Supermarkets,2027-05-31,49,8.293851542012574
Natural Juice 1L,Supermarkets,2027-06-07,50,10.466873609019753
Natural Juice 1L,Supermarkets,2027-06-14,51,8.719125278033953
Natural Juice 1L,Supermarkets,2027-06-21,52,9.409032757102052
Natural Juice 1L,Supermarkets,2027-06-28,53,8.950591038860436
Natural Juice 1L,Supermarkets,2027-07-05,54,7.007612258748475
Natural Juice 1L,Supermarkets,2027-07-12,55,7.614298174304662
Natural Juice 1L,Supermarkets,2027-07-19,56,7.143564428275806
Natural Juice 1L,Supermarkets,2027-07-26,57,6.99239094290455
Natural Juice 1L,Supermarkets,2027-08-02,58,5.5662030418414306
Natural Juice 1L,Supermarkets,2027-08-09,59,5.274194374636315
Natural Juice 1L,Supermarkets,2027-08-16,60,4.644374630365153
Natural Juice 1L,Supermarkets,2027-08-23,61,4.411360163907175
Natural Juice 1L,Supermarkets,2027-08-30,62,4.238929202701004
Natural Juice 1L,Supermarkets,2027-09-06,63,5.226734800681655
Natural Juice 1L,Supermarkets,2027-09-13,64,4.808918391758048
Natural Juice 1L,Supermarkets,2027-09-20,65,5.303665713616018
Natural Juice 1L,Supermarkets,2027-09-27,66,3.9519910658687514
Natural Juice 1L,Supermarkets,2027-10-04,67,5.016094167884632
Natural Juice 1L,Supermarkets,2027-10-11,68,4.363005543277438
Natural Juice 1L,Supermarkets,2027-10-18,69,3.5970926358636306
Natural Juice 1L,Supermarkets,2027-10-25,70,3.9098290106977203
Natural Juice 1L,Supermarkets,2027-11-01,71,4.048249746163126
Natural Juice 1L,Supermarkets,2027-11-08,72,4.582760425534153
Natural Juice 1L,Supermarkets,2027-11-15,73,4.404560067420048
Natural Juice 1L,Supermarkets,2027-11-22,74,4.79801860648899
Natural Juice 1L,Supermarkets,2027-11-29,75,5.620362295661657
Natural Juice 1L,Supermarkets,2027-12-06,76,5.475910078808314
Natural Juice 1L,Supermarkets,2027-12-13,77,5.032870332468433
Natural Juice 1L,Supermarkets,2027-12-20,78,5.946739055159376
Flavored Water 500ml,Supermarkets,2026-06-29,1,4.645319284791505
Flavored Water 500ml,Supermarkets,2026-07-06,2,3.4547439608594024
Flavored Water 500ml,Supermarkets,2026-07-13,3,3.8922058331616105
Flavored Water 500ml,Supermarkets,2026-07-20,4,4.119832617280647
Flavored Water 500ml,Supermarkets,2026-07-27,5,3.547734531859558
Flavored Water 500ml,Supermarkets,2026-08-03,6,3.6031268936327745
Flavored Water 500ml,Supermarkets,2026-08-10,7,3.7092800763771296
Flavored Water 500ml,Supermarkets,2026-08-17,8,4.091340722584037
Flavored Water 500ml,Supermarkets,2026-08-24,9,4.06562780139972
Flavored Water 500ml,Supermarkets,2026-08-31,10,4.263586230615713
Flavored Water 500ml,Supermarkets,2026-09-07,11,4.2615264433434055
Flavored Water 500ml,Supermarkets,2026-09-14,12,4.520264379294736
Flavored Water 500ml,Supermarkets,2026-09-21,13,4.033321101669242
Flavored Water 500ml,Supermarkets,2026-09-28,14,3.9186559711629605
Flavored Water 500ml,Supermarkets,2026-10-05,15,3.686098635413562
Flavored Water 500ml,Supermarkets,2026-10-12,16,3.8404922036699882
Flavored Water 500ml,Supermarkets,2026-10-19,17,3.466012410975321
Flavored Water 500ml,Supermarkets,2026-10-26,18,4.08376003399926
Flavored Water 500ml,Supermarkets,2026-11-02,19,4.034126941843389
Flavored Water 500ml,Supermarkets,2026-11-09,20,3.8120423929342926
Flavored Water 500ml,Supermarkets,2026-11-16,21,3.4674344207671637
Flavored Water 500ml,Supermarkets,2026-11-23,22,3.6674462469190745
Flavored Water 500ml,Supermarkets,2026-11-30,23,3.645900795394204
Flavored Water 500ml,Supermarkets,2026-12-07,24,3.7028847536684535
Flavored Water 500ml,Supermarkets,2026-12-14,25,4.276003734270294
Flavored Water 500ml,Supermarkets,2026-12-21,26,4.736288050375029
Flavored Water 500ml,Supermarkets,2026-12-28,27,4.301540134500291
Flavored Water 500ml,Supermarkets,2027-01-04,28,5.393189425318622
Flavored Water 500ml,Supermarkets,2027-01-11,29,4.911696709383062
Flavored Water 500ml,Supermarkets,2027-01-18,30,5.674923693534381
Flavored Water 500ml,Supermarkets,2027-01-25,31,5.562311340848835
Flavored Water 500ml,Supermarkets,2027-02-01,32,4.798306793805401
Flavored Water 500ml,Supermarkets,2027-02-08,33,4.672466350399028
Flavored Water 500ml,Supermarkets,2027-02-15,34,5.893000480228068
Flavored Water 500ml,Supermarkets,2027-02-22,35,6.396418189834204
Flavored Water 500ml,Supermarkets,2027-03-01,36,5.447550991043354
Flavored Water 500ml,Supermarkets,2027-03-08,37,7.195833363620242
Flavored Water 500ml,Supermarkets,2027-03-15,38,6.321596918506123
Flavored Water 500ml,Supermarkets,2027-03-22,39,8.415674841287718
Flavored Water 500ml,Supermarkets,2027-03-29,40,6.354884464431689
Flavored Water 500ml,Supermarkets,2027-04-05,41,6.79664899051127
Flavored Water 500ml,Supermarkets,2027-04-12,42,5.858950147269671
Flavored Water 500ml,Supermarkets,2027-04-19,43,5.990303381661763
Flavored Water 500ml,Supermarkets,2027-04-26,44,5.804945492279672
Flavored Water 500ml,Supermarkets,2027-05-03,45,6.997859704567192
Flavored Water 500ml,Supermarkets,2027-05-10,46,6.154649786257017
Flavored Water 500ml,Supermarkets,2027-05-17,47,6.129226845478351
Flavored Water 500ml,Supermarkets,2027-05-24,48,5.565519551116661
Flavored Water 500ml,Supermarkets,2027-05-31,49,7.204500849052055
Flavored Water 500ml,Supermarkets,2027-06-07,50,6.9015558948721765
Flavored Water 500ml,Supermarkets,2027-06-14,51,5.476590625876542
Flavored Water 500ml,Supermarkets,2027-06-21,52,6.941374900968964
Flavored Water 500ml,Supermarkets,2027-06-28,53,5.000058212312221
Flavored Water 500ml,Supermarkets,2027-07-05,54,4.592813565937984
Flavored Water 500ml,Supermarkets,2027-07-12,55,3.8085620186409526
Flavored Water 500ml,Supermarkets,2027-07-19,56,4.61106146731178
Flavored Water 500ml,Supermarkets,2027-07-26,57,5.422124757148211
Flavored Water 500ml,Supermarkets,2027-08-02,58,3.6488578810777863
Flavored Water 500ml,Supermarkets,2027-08-09,59,3.0022397525384648
Flavored Water 500ml,Supermarkets,2027-08-16,60,2.196012922695465
Flavored Water 500ml,Supermarkets,2027-08-23,61,4.570520988466785
Flavored Water 500ml,Supermarkets,2027-08-30,62,3.165331713365633
Flavored Water 500ml,Supermarkets,2027-09-06,63,3.8044018642315014
Flavored Water 500ml,Supermarkets,2027-09-13,64,2.93392577484296
Flavored Water 500ml,Supermarkets,2027-09-20,65,3.4391558628167838
Flavored Water 500ml,Supermarkets,2027-09-27,66,4.261007075524822
Flavored Water 500ml,Supermarkets,2027-10-04,67,3.6415468041980756
Flavored Water 500ml,Supermarkets,2027-10-11,68,3.522478927608373
Flavored Water 500ml,Supermarkets,2027-10-18,69,3.2910305470203776
Flavored Water 500ml,Supermarkets,2027-10-25,70,3.199589089263788
Flavored Water 500ml,Supermarkets,2027-11-01,71,3.2860395009744887
Flavored Water 500ml,Supermarkets,2027-11-08,72,3.5627094250909495
Flavored Water 500ml,Supermarkets,2027-11-15,73,3.2289056090490034
Flavored Water 500ml,Supermarkets,2027-11-22,74,3.0745058818983084
Flavored Water 500ml,Supermarkets,2027-11-29,75,3.1138465796022667
Flavored Water 500ml,Supermarkets,2027-12-06,76,3.9485664874013984
Flavored Water 500ml,Supermarkets,2027-12-13,77,3.8738500720306845
Flavored Water 500ml,Supermarkets,2027-12-20,78,4.947748714895377
Natural Juice 1L,E-commerce,2026-06-29,1,1.4836456415256836
Natural Juice 1L,E-commerce,2026-07-06,2,1.3167460694347737
Natural Juice 1L,E-commerce,2026-07-13,3,1.951796353796978
Natural Juice 1L,E-commerce,2026-07-20,4,1.0095916345337523
Natural Juice 1L,E-commerce,2026-07-27,5,0.7042551663346234
Natural Juice 1L,E-commerce,2026-08-03,6,1.6741472769765948
Natural Juice 1L,E-commerce,2026-08-10,7,1.6626944602038525
Natural Juice 1L,E-commerce,2026-08-17,8,1.6765074556689445
Natural Juice 1L,E-commerce,2026-08-24,9,1.5904126102958744
Natural Juice 1L,E-commerce,2026-08-31,10,2.4715651892614976
Natural Juice 1L,E-commerce,2026-09-07,11,2.7325003118211697
Natural Juice 1L,E-commerce,2026-09-14,12,2.9553611348499205
Natural Juice 1L,E-commerce,2026-09-21,13,2.1934322076756643
Natural Juice 1L,E-commerce,2026-09-28,14,1.0839409796573658
Natural Juice 1L,E-commerce,2026-10-05,15,2.0325882850131642
Natural Juice 1L,E-commerce,2026-10-12,16,1.8070584412354571
Natural Juice 1L,E-commerce,2026-10-19,17,2.1844375473344115
Natural Juice 1L,E-commerce,2026-10-26,18,2.163779976970969
Natural Juice 1L,E-commerce,2026-11-02,19,2.3562759628667913
Natural Juice 1L,E-commerce,2026-11-09,20,1.9026489629826902
Natural Juice 1L,E-commerce,2026-11-16,21,1.236123320099577
Natural Juice 1L,E-commerce,2026-11-23,22,1.2492823737754926
Natural Juice 1L,E-commerce,2026-11-30,23,1.972064317039332
Natural Juice 1L,E-commerce,2026-12-07,24,1.600395268925709
Natural Juice 1L,E-commerce,2026-12-14,25,1.5935317063660204
Natural Juice 1L,E-commerce,2026-12-21,26,1.5806038520925332
Natural Juice 1L,E-commerce,2026-12-28,27,1.7134407346754355
Natural Juice 1L,E-commerce,2027-01-04,28,1.1383186885201162
Natural Juice 1L,E-commerce,2027-01-11,29,1.4566413036805073
Natural Juice 1L,E-commerce,2027-01-18,30,1.9364529475351384
Natural Juice 1L,E-commerce,2027-01-25,31,1.5157707230563822
Natural Juice 1L,E-commerce,2027-02-01,32,2.684210039198136
Natural Juice 1L,E-commerce,2027-02-08,33,3.3539420973866907
Natural Juice 1L,E-commerce,2027-02-15,34,2.1906523806465747
Natural Juice 1L,E-commerce,2027-02-22,35,1.9959732439783067
Natural Juice 1L,E-commerce,2027-03-01,36,1.6972564175070042
Natural Juice 1L,E-commerce,2027-03-08,37,2.967702272370452
Natural Juice 1L,E-commerce,2027-03-15,38,3.0908201315528427
Natural Juice 1L,E-commerce,2027-03-22,39,2.3056499983530534
Natural Juice 1L,E-commerce,2027-03-29,40,2.030027118015246
Natural Juice 1L,E-commerce,2027-04-05,41,0.937733002063253
Natural Juice 1L,E-commerce,2027-04-12,42,2.7209803939440182
Natural Juice 1L,E-commerce,2027-04-19,43,2.505080194178802
Natural Juice 1L,E-commerce,2027-04-26,44,3.0239808283218768
Natural Juice 1L,E-commerce,2027-05-03,45,2.3656733744196803
Natural Juice 1L,E-commerce,2027-05-10,46,1.3601539775035536
Natural Juice 1L,E-commerce,2027-05-17,47,1.6221747653992908
Natural Juice 1L,E-commerce,2027-05-24,48,2.11153455529109
Natural Juice 1L,E-commerce,2027-05-31,49,2.769608319652931
Natural Juice 1L,E-commerce,2027-06-07,50,4.027680714147323
Natural Juice 1L,E-commerce,2027-06-14,51,3.2653428198251357
Natural Juice 1L,E-commerce,2027-06-21,52,2.5377688984890843
Natural Juice 1L,E-commerce,2027-06-28,53,2.056720912841479
Natural Juice 1L,E-commerce,2027-07-05,54,3.105519679331191
Natural Juice 1L,E-commerce,2027-07-12,55,2.2066943467151545
Natural Juice 1L,E-commerce,2027-07-19,56,1.5383400667714575
Natural Juice 1L,E-commerce,2027-07-26,57,2.72155721252229
Natural Juice 1L,E-commerce,2027-08-02,58,1.8144578469239518
Natural Juice 1L,E-commerce,2027-08-09,59,2.3739154800405244
Natural Juice 1L,E-commerce,2027-08-16,60,2.684999523599658
Natural Juice 1L,E-commerce,2027-08-23,61,1.6487523701761055
Natural Juice 1L,E-commerce,2027-08-30,62,2.9375055756648565
Natural Juice 1L,E-commerce,2027-09-06,63,1.39454113404142
Natural Juice 1L,E-commerce,2027-09-13,64,2.3404943652103385
Natural Juice 1L,E-commerce,2027-09-20,65,2.4214973754511027
Natural Juice 1L,E-commerce,2027-09-27,66,1.376043126503832
Natural Juice 1L,E-commerce,2027-10-04,67,1.2928266542663
Natural Juice 1L,E-commerce,2027-10-11,68,1.8872420496063704
Natural Juice 1L,E-commerce,2027-10-18,69,2.182635708116095
Natural Juice 1L,E-commerce,2027-10-25,70,2.1184742699863
Natural Juice 1L,E-commerce,2027-11-01,71,2.2379596297002884
Natural Juice 1L,E-commerce,2027-11-08,72,1.9939847896988705
Natural Juice 1L,E-commerce,2027-11-15,73,1.7652591655060013
Natural Juice 1L,E-commerce,2027-11-22,74,1.7634806373370744
Natural Juice 1L,E-commerce,2027-11-29,75,1.4997314267760842
Natural Juice 1L,E-commerce,2027-12-06,76,2.1776840370475194
Natural Juice 1L,E-commerce,2027-12-13,77,2.2663968423649075
Natural Juice 1L,E-commerce,2027-12-20,78,1.803304400773877
Whole Grain Crackers 200g,Traditional,2026-06-29,1,1.8801309124131405
Whole Grain Crackers 200g,Traditional,2026-07-06,2,1.977426357388255
Whole Grain Crackers 200g,Traditional,2026-07-13,3,2.3136202284377405
Whole Grain Crackers 200g,Traditional,2026-07-20,4,2.530419791087132
Whole Grain Crackers 200g,Traditional,2026-07-27,5,2.357005081599214
Whole Grain Crackers 200g,Traditional,2026-08-03,6,2.399238940959381
Whole Grain Crackers 200g,Traditional,2026-08-10,7,2.4985987921282646
Whole Grain Crackers 200g,Traditional,2026-08-17,8,2.144025277952811
Whole Grain Crackers 200g,Traditional,2026-08-24,9,3.135338576871854
Whole Grain Crackers 200g,Traditional,2026-08-31,10,3.365514724685806
Whole Grain Crackers 200g,Traditional,2026-09-07,11,2.324732573663486
Whole Grain Crackers 200g,Traditional,2026-09-14,12,1.7076572724199663
Whole Grain Crackers 200g,Traditional,2026-09-21,13,1.8694804315178872
Whole Grain Crackers 200g,Traditional,2026-09-28,14,3.0109873174048967
Whole Grain Crackers 200g,Traditional,2026-10-05,15,2.537557383361996
Whole Grain Crackers 200g,Traditional,2026-10-12,16,3.1796839582767067
Whole Grain Crackers 200g,Traditional,2026-10-19,17,2.561172113553048
Whole Grain Crackers 200g,Traditional,2026-10-26,18,4.180115914311164
Whole Grain Crackers 200g,Traditional,2026-11-02,19,2.3392865621866368
Whole Grain Crackers 200g,Traditional,2026-11-09,20,2.718381789431411
Whole Grain Crackers 200g,Traditional,2026-11-16,21,1.9262347162945637
Whole Grain Crackers 200g,Traditional,2026-11-23,22,1.7687648403813132
Whole Grain Crackers 200g,Traditional,2026-11-30,23,3.579377523275811
Whole Grain Crackers 200g,Traditional,2026-12-07,24,2.714627836832905
Whole Grain Crackers 200g,Traditional,2026-12-14,25,2.3808536744688054
Whole Grain Crackers 200g,Traditional,2026-12-21,26,3.596620481114299
Whole Grain Crackers 200g,Traditional,2026-12-28,27,2.788237717340686
Whole Grain Crackers 200g,Traditional,2027-01-04,28,3.0643348153409096
Whole Grain Crackers 200g,Traditional,2027-01-11,29,2.2647137599633744
Whole Grain Crackers 200g,Traditional,2027-01-18,30,2.4218263244691225
Whole Grain Crackers 200g,Traditional,2027-01-25,31,2.6205831446595242
Whole Grain Crackers 200g,Traditional,2027-02-01,32,1.5439105858782924
Whole Grain Crackers 200g,Traditional,2027-02-08,33,3.4754351809809925
Whole Grain Crackers 200g,Traditional,2027-02-15,34,2.6765519402237246
Whole Grain Crackers 200g,Traditional,2027-02-22,35,2.5213638537313305
Whole Grain Crackers 200g,Traditional,2027-03-01,36,2.558410381543579
Whole Grain Crackers 200g,Traditional,2027-03-08,37,2.1149983484951607
Whole Grain Crackers 200g,Traditional,2027-03-15,38,3.8853860392954496
Whole Grain Crackers 200g,Traditional,2027-03-22,39,1.8945498967388246
Whole Grain Crackers 200g,Traditional,2027-03-29,40,3.26957521290111
Whole Grain Crackers 200g,Traditional,2027-04-05,41,1.773786692636021
Whole Grain Crackers 200g,Traditional,2027-04-12,42,2.5669777326943226
Whole Grain Crackers 200g,Traditional,2027-04-19,43,2.3042322328323315
Whole Grain Crackers 200g,Traditional,2027-04-26,44,2.2690852856878294
Whole Grain Crackers 200g,Traditional,2027-05-03,45,1.9940472410935992
Whole Grain Crackers 200g,Traditional,2027-05-10,46,2.2874257861457754
Whole Grain Crackers 200g,Traditional,2027-05-17,47,4.112726854559124
Whole Grain Crackers 200g,Traditional,2027-05-24,48,1.814946526764562
Whole Grain Crackers 200g,Traditional,2027-05-31,49,2.228638993094506
Whole Grain Crackers 200g,Traditional,2027-06-07,50,1.7668971149842772
Whole Grain Crackers 200g,Traditional,2027-06-14,51,1.7695829365731839
Whole Grain Crackers 200g,Traditional,2027-06-21,52,3.3561644260076746
Whole Grain Crackers 200g,Traditional,2027-06-28,53,2.7963037658523744
Whole Grain Crackers 200g,Traditional,2027-07-05,54,3.0747084552319626
Whole Grain Crackers 200g,Traditional,2027-07-12,55,1.6558969915178359
Whole Grain Crackers 200g,Traditional,2027-07-19,56,3.1398916927537095
Whole Grain Crackers 200g,Traditional,2027-07-26,57,1.6609327065413189
Whole Grain Crackers 200g,Traditional,2027-08-02,58,2.090463001166358
Whole Grain Crackers 200g,Traditional,2027-08-09,59,2.243560041070969
Whole Grain Crackers 200g,Traditional,2027-08-16,60,2.7734702174244847
Whole Grain Crackers 200g,Traditional,2027-08-23,61,1.8973498373669224
Whole Grain Crackers 200g,Traditional,2027-08-30,62,2.5026136097758185
Whole Grain Crackers 200g,Traditional,2027-09-06,63,3.0169587108987543
Whole Grain Crackers 200g,Traditional,2027-09-13,64,2.346600600758611
Whole Grain Crackers 200g,Traditional,2027-09-20,65,2.0590936572903393
Whole Grain Crackers 200g,Traditional,2027-09-27,66,2.3115898100208643
Whole Grain Crackers 200g,Traditional,2027-10-04,67,2.3654124138083303
Whole Grain Crackers 200g,Traditional,2027-10-11,68,3.665703941976543
Whole Grain Crackers 200g,Traditional,2027-10-18,69,3.308983526808161
Whole Grain Crackers 200g,Traditional,2027-10-25,70,1.896513392640579
Whole Grain Crackers 200g,Traditional,2027-11-01,71,1.4856024479087404
Whole Grain Crackers 200g,Traditional,2027-11-08,72,3.216861215869874
Whole Grain Crackers 200g,Traditional,2027-11-15,73,2.9356152988158635
Whole Grain Crackers 200g,Traditional,2027-11-22,74,2.1914627002028766
Whole Grain Crackers 200g,Traditional,2027-11-29,75,2.5421818024619376
Whole Grain Crackers 200g,Traditional,2027-12-06,76,3.6777512302837954
Whole Grain Crackers 200g,Traditional,2027-12-13,77,3.0178365101671742
Whole Grain Crackers 200g,Traditional,2027-12-20,78,2.755596728298428
Cereal Bar 50g,Traditional,2026-06-29,1,1.6558627361454812
Cereal Bar 50g,Traditional,2026-07-06,2,0.9067013265946795
Cereal Bar 50g,Traditional,2026-07-13,3,1.1370606341672302
Cereal Bar 50g,Traditional,2026-07-20,4,1.6760044546314976
Cereal Bar 50g,Traditional,2026-07-27,5,1.0082424588303442
Cereal Bar 50g,Traditional,2026-08-03,6,1.0507268494220865
Cereal Bar 50g,Traditional,2026-08-10,7,1.1265995324437237
Cereal Bar 50g,Traditional,2026-08-17,8,1.9480262444624754
Cereal Bar 50g,Traditional,2026-08-24,9,1.7209291820284685
Cereal Bar 50g,Traditional,2026-08-31,10,1.4726768479308312
Cereal Bar 50g,Traditional,2026-09-07,11,1.392321087019975
Cereal Bar 50g,Traditional,2026-09-14,12,1.7232212292914055
Cereal Bar 50g,Traditional,2026-09-21,13,2.1588787082071113
Cereal Bar 50g,Traditional,2026-09-28,14,3.207292677809438
Cereal Bar 50g,Traditional,2026-10-05,15,1.395557109158838
Cereal Bar 50g,Traditional,2026-10-12,16,1.5522312867417647
Cereal Bar 50g,Traditional,2026-10-19,17,1.1634322594052737
Cereal Bar 50g,Traditional,2026-10-26,18,1.2120817875712648
Cereal Bar 50g,Traditional,2026-11-02,19,1.6950266521164608
Cereal Bar 50g,Traditional,2026-11-09,20,0.8750086573761305
Cereal Bar 50g,Traditional,2026-11-16,21,1.8471286670797542
Cereal Bar 50g,Traditional,2026-11-23,22,1.6924290625102645
Cereal Bar 50g,Traditional,2026-11-30,23,1.087872755322613
Cereal Bar 50g,Traditional,2026-12-07,24,1.7387862469637896
Cereal Bar 50g,Traditional,2026-12-14,25,1.991837683231497
Cereal Bar 50g,Traditional,2026-12-21,26,1.8348088505369533
Cereal Bar 50g,Traditional,2026-12-28,27,2.529522550528402
Cereal Bar 50g,Traditional,2027-01-04,28,1.6787363619813753
Cereal Bar 50g,Traditional,2027-01-11,29,1.3252746321210744
Cereal Bar 50g,Traditional,2027-01-18,30,1.643185235596111
Cereal Bar 50g,Traditional,2027-01-25,31,1.5380635481061729
Cereal Bar 50g,Traditional,2027-02-01,32,1.8610647317479339
Cereal Bar 50g,Traditional,2027-02-08,33,2.089679142095254
Cereal Bar 50g,Traditional,2027-02-15,34,1.8468671939431511
Cereal Bar 50g,Traditional,2027-02-22,35,1.5194054401149024
Cereal Bar 50g,Traditional,2027-03-01,36,2.206047490382092
Cereal Bar 50g,Traditional,2027-03-08,37,2.232514597965652
Cereal Bar 50g,Traditional,2027-03-15,38,2.147460842176157
Cereal Bar 50g,Traditional,2027-03-22,39,2.141448102889969
Cereal Bar 50g,Traditional,2027-03-29,40,2.082659210989611
Cereal Bar 50g,Traditional,2027-04-05,41,1.691156955076461
Cereal Bar 50g,Traditional,2027-04-12,42,2.2428727077461286
Cereal Bar 50g,Traditional,2027-04-19,43,1.7534759110623168
Cereal Bar 50g,Traditional,2027-04-26,44,1.4375595787614184
Cereal Bar 50g,Traditional,2027-05-03,45,1.9309668744815485
Cereal Bar 50g,Traditional,2027-05-10,46,2.4525911940378142
Cereal Bar 50g,Traditional,2027-05-17,47,1.419688783432955
Cereal Bar 50g,Traditional,2027-05-24,48,1.5637579087452464
Cereal Bar 50g,Traditional,2027-05-31,49,1.691939920727163
Cereal Bar 50g,Traditional,2027-06-07,50,1.8190239049697143
Cereal Bar 50g,Traditional,2027-06-14,51,1.9457430606667971
Cereal Bar 50g,Traditional,2027-06-21,52,2.18540962152985
Cereal Bar 50g,Traditional,2027-06-28,53,1.230759899309169
Cereal Bar 50g,Traditional,2027-07-05,54,1.5315445548654607
Cereal Bar 50g,Traditional,2027-07-12,55,1.3803244918935367
Cereal Bar 50g,Traditional,2027-07-19,56,1.709050605309422
Cereal Bar 50g,Traditional,2027-07-26,57,1.570066495182064
Cereal Bar 50g,Traditional,2027-08-02,58,2.0942543330607415
Cereal Bar 50g,Traditional,2027-08-09,59,1.6501235302027617
Cereal Bar 50g,Traditional,2027-08-16,60,1.3538060832844676
Cereal Bar 50g,Traditional,2027-08-23,61,1.7242805532663745
Cereal Bar 50g,Traditional,2027-08-30,62,1.6084204600872196
Cereal Bar 50g,Traditional,2027-09-06,63,1.863124345664533
Cereal Bar 50g,Traditional,2027-09-13,64,2.70646333961561
Cereal Bar 50g,Traditional,2027-09-20,65,0.9245446228505179
Cereal Bar 50g,Traditional,2027-09-27,66,1.7093831205577381
Cereal Bar 50g,Traditional,2027-10-04,67,1.5326604279567915
Cereal Bar 50g,Traditional,2027-10-11,68,1.5804099995509728
Cereal Bar 50g,Traditional,2027-10-18,69,1.0840188806965414
Cereal Bar 50g,Traditional,2027-10-25,70,2.8376218327953464
Cereal Bar 50g,Traditional,2027-11-01,71,3.5963431443790443
Cereal Bar 50g,Traditional,2027-11-08,72,1.4917522420065765
Cereal Bar 50g,Traditional,2027-11-15,73,1.7616600598375398
Cereal Bar 50g,Traditional,2027-11-22,74,1.2272502577239348
Cereal Bar 50g,Traditional,2027-11-29,75,1.3576823357866863
Cereal Bar 50g,Traditional,2027-12-06,76,1.0965597831373572
Cereal Bar 50g,Traditional,2027-12-13,77,2.339999171746622
Cereal Bar 50g,Traditional,2027-12-20,78,1.6339060599355748
Energy Drink 350ml,E-commerce,2026-06-29,1,1.5906856244878944
Energy Drink 350ml,E-commerce,2026-07-06,2,1.2218032622322212
Energy Drink 350ml,E-commerce,2026-07-13,3,0.8283218950130142
Energy Drink 350ml,E-commerce,2026-07-20,4,1.3345175434040637
Energy Drink 350ml,E-commerce,2026-07-27,5,0.8989080526091117
Energy Drink 350ml,E-commerce,2026-08-03,6,0.7996464438168381
Energy Drink 350ml,E-commerce,2026-08-10,7,1.0115946909676738
Energy Drink 350ml,E-commerce,2026-08-17,8,0.8829700402035648
Energy Drink 350ml,E-commerce,2026-08-24,9,0.9407122122174896
Energy Drink 350ml,E-commerce,2026-08-31,10,1.0383788633377162
Energy Drink 350ml,E-commerce,2026-09-07,11,1.023513713039697
Energy Drink 350ml,E-commerce,2026-09-14,12,1.2287299418347497
Energy Drink 350ml,E-commerce,2026-09-21,13,0.7126096126148346
Energy Drink 350ml,E-commerce,2026-09-28,14,0.7719961539366617
Energy Drink 350ml,E-commerce,2026-10-05,15,0.7250020112030837
Energy Drink 350ml,E-commerce,2026-10-12,16,0.9534457338784414
Energy Drink 350ml,E-commerce,2026-10-19,17,0.9565086416854752
Energy Drink 350ml,E-commerce,2026-10-26,18,1.4387246751963567
Energy Drink 350ml,E-commerce,2026-11-02,19,0.9606968818866404
Energy Drink 350ml,E-commerce,2026-11-09,20,0.8997935226021411
Energy Drink 350ml,E-commerce,2026-11-16,21,1.3636018112638093
Energy Drink 350ml,E-commerce,2026-11-23,22,0.5968358814139538
Energy Drink 350ml,E-commerce,2026-11-30,23,1.4227420514252345
Energy Drink 350ml,E-commerce,2026-12-07,24,0.8443111544752839
Energy Drink 350ml,E-commerce,2026-12-14,25,0.9206876816113696
Energy Drink 350ml,E-commerce,2026-12-21,26,1.2753794413441961
Energy Drink 350ml,E-commerce,2026-12-28,27,1.1586877137809601
Energy Drink 350ml,E-commerce,2027-01-04,28,2.4579975723131153
Energy Drink 350ml,E-commerce,2027-01-11,29,1.5081053084555502
Energy Drink 350ml,E-commerce,2027-01-18,30,1.0087592874083378
Energy Drink 350ml,E-commerce,2027-01-25,31,2.156990377845015
Energy Drink 350ml,E-commerce,2027-02-01,32,2.2879858645816475
Energy Drink 350ml,E-commerce,2027-02-08,33,2.320439693236461
Energy Drink 350ml,E-commerce,2027-02-15,34,1.8095068015275646
Energy Drink 350ml,E-commerce,2027-02-22,35,3.404665712875875
Energy Drink 350ml,E-commerce,2027-03-01,36,1.5501517204435031
Energy Drink 350ml,E-commerce,2027-03-08,37,0.6786227290368234
Energy Drink 350ml,E-commerce,2027-03-15,38,1.0338104904590752
Energy Drink 350ml,E-commerce,2027-03-22,39,1.67922535779478
Energy Drink 350ml,E-commerce,2027-03-29,40,0.9807667301283501
Energy Drink 350ml,E-commerce,2027-04-05,41,1.1113414075501142
Energy Drink 350ml,E-commerce,2027-04-12,42,2.3769982632222915
Energy Drink 350ml,E-commerce,2027-04-19,43,1.3020742688490607
Energy Drink 350ml,E-commerce,2027-04-26,44,1.489346309595711
Energy Drink 350ml,E-commerce,2027-05-03,45,1.0771334304236821
Energy Drink 350ml,E-commerce,2027-05-10,46,1.799372834869295
Energy Drink 350ml,E-commerce,2027-05-17,47,1.5452010260620328
Energy Drink 350ml,E-commerce,2027-05-24,48,1.7381581721487513
Energy Drink 350ml,E-commerce,2027-05-31,49,2.0034588428232287
Energy Drink 350ml,E-commerce,2027-06-07,50,1.839255467864468
Energy Drink 350ml,E-commerce,2027-06-14,51,1.7144488868093042
Energy Drink 350ml,E-commerce,2027-06-21,52,1.7796640532387484
Energy Drink 350ml,E-commerce,2027-06-28,53,2.1117218913351747
Energy Drink 350ml,E-commerce,2027-07-05,54,1.583484017302039
Energy Drink 350ml,E-commerce,2027-07-12,55,1.255558196511676
Energy Drink 350ml,E-commerce,2027-07-19,56,0.9832044759596557
Energy Drink 350ml,E-commerce,2027-07-26,57,1.0563248211345417
Energy Drink 350ml,E-commerce,2027-08-02,58,0.9448821942825265
Energy Drink 350ml,E-commerce,2027-08-09,59,0.8488531430231846
Energy Drink 350ml,E-commerce,2027-08-16,60,0.821462288750292
Energy Drink 350ml,E-commerce,2027-08-23,61,0.8334444897428466
Energy Drink 350ml,E-commerce,2027-08-30,62,1.3049669851185655
Energy Drink 350ml,E-commerce,2027-09-06,63,0.8437004492351631
Energy Drink 350ml,E-commerce,2027-09-13,64,1.3560969948523602
Energy Drink 350ml,E-commerce,2027-09-20,65,1.227092289884558
Energy Drink 350ml,E-commerce,2027-09-27,66,0.8131177527195748
Energy Drink 350ml,E-commerce,2027-10-04,67,0.9136637531920598
Energy Drink 350ml,E-commerce,2027-10-11,68,0.775056294479891
Energy Drink 350ml,E-commerce,2027-10-18,69,0.8428676496235831
Energy Drink 350ml,E-commerce,2027-10-25,70,1.4737726931573327
Energy Drink 350ml,E-commerce,2027-11-01,71,1.1178950471380562
Energy Drink 350ml,E-commerce,2027-11-08,72,1.0599729632837591
Energy Drink 350ml,E-commerce,2027-11-15,73,1.1329022390190808
Energy Drink 350ml,E-commerce,2027-11-22,74,0.8756906021090742
Energy Drink 350ml,E-commerce,2027-11-29,75,0.6929958594339611
Energy Drink 350ml,E-commerce,2027-12-06,76,1.1776215483134265
Energy Drink 350ml,E-commerce,2027-12-13,77,0.6697871705926893
Energy Drink 350ml,E-commerce,2027-12-20,78,0.683477595766738
Energy Drink 350ml,Traditional,2026-06-29,1,3.12171166590455
Energy Drink 350ml,Traditional,2026-07-06,2,2.5278112967738227
Energy Drink 350ml,Traditional,2026-07-13,3,2.8753502997636855
Energy Drink 350ml,Traditional,2026-07-20,4,2.811797741750592
Energy Drink 350ml,Traditional,2026-07-27,5,2.910251589786874
Energy Drink 350ml,Traditional,2026-08-03,6,2.255313616164571
Energy Drink 350ml,Traditional,2026-08-10,7,2.1984581093088824
Energy Drink 350ml,Traditional,2026-08-17,8,2.1106135554908114
Energy Drink 350ml,Traditional,2026-08-24,9,2.318967444281061
Energy Drink 350ml,Traditional,2026-08-31,10,2.3050466514150356
Energy Drink 350ml,Traditional,2026-09-07,11,1.7004593894052915
Energy Drink 350ml,Traditional,2026-09-14,12,1.8988017459231785
Energy Drink 350ml,Traditional,2026-09-21,13,2.0333553521214522
Energy Drink 350ml,Traditional,2026-09-28,14,2.0846206279292816
Energy Drink 350ml,Traditional,2026-10-05,15,1.5153488235456454
Energy Drink 350ml,Traditional,2026-10-12,16,1.7367341398100082
Energy Drink 350ml,Traditional,2026-10-19,17,1.6837617086437444
Energy Drink 350ml,Traditional,2026-10-26,18,1.7115331230253288
Energy Drink 350ml,Traditional,2026-11-02,19,1.7911902858244393
Energy Drink 350ml,Traditional,2026-11-09,20,2.106400963290764
Energy Drink 350ml,Traditional,2026-11-16,21,1.8841451446861093
Energy Drink 350ml,Traditional,2026-11-23,22,1.9186602532715713
Energy Drink 350ml,Traditional,2026-11-30,23,1.809195115590674
Energy Drink 350ml,Traditional,2026-12-07,24,2.229564986570939
Energy Drink 350ml,Traditional,2026-12-14,25,2.4508240401952284
Energy Drink 350ml,Traditional,2026-12-21,26,2.1558113645958885
Energy Drink 350ml,Traditional,2026-12-28,27,2.135887017020935
Energy Drink 350ml,Traditional,2027-01-04,28,2.560256494880439
Energy Drink 350ml,Traditional,2027-01-11,29,2.6955402607489365
Energy Drink 350ml,Traditional,2027-01-18,30,2.5062079193671125
Energy Drink 350ml,Traditional,2027-01-25,31,2.7839445395020466
Energy Drink 350ml,Traditional,2027-02-01,32,3.4000651581306234
Energy Drink 350ml,Traditional,2027-02-08,33,3.101617815539691
Energy Drink 350ml,Traditional,2027-02-15,34,3.2102170772719014
Energy Drink 350ml,Traditional,2027-02-22,35,3.111939532360184
Energy Drink 350ml,Traditional,2027-03-01,36,3.851993155053054
Energy Drink 350ml,Traditional,2027-03-08,37,3.5432625567395704
Energy Drink 350ml,Traditional,2027-03-15,38,3.683526664214748
Energy Drink 350ml,Traditional,2027-03-22,39,3.8867455194666385
Energy Drink 350ml,Traditional,2027-03-29,40,4.025182440253412
Energy Drink 350ml,Traditional,2027-04-05,41,3.936485217361912
Energy Drink 350ml,Traditional,2027-04-12,42,3.760064025024486
Energy Drink 350ml,Traditional,2027-04-19,43,3.7767929024297975
Energy Drink 350ml,Traditional,2027-04-26,44,3.9827842477121846
Energy Drink 350ml,Traditional,2027-05-03,45,3.9320278787945866
Energy Drink 350ml,Traditional,2027-05-10,46,3.8840157837289615
Energy Drink 350ml,Traditional,2027-05-17,47,3.7527482169936324
Energy Drink 350ml,Traditional,2027-05-24,48,4.065525709094897
Energy Drink 350ml,Traditional,2027-05-31,49,3.7571489759712984
Energy Drink 350ml,Traditional,2027-06-07,50,3.4879441641733675
Energy Drink 350ml,Traditional,2027-06-14,51,3.611156128257017
Energy Drink 350ml,Traditional,2027-06-21,52,3.4356516927638676
Energy Drink 350ml,Traditional,2027-06-28,53,3.677385445261147
Energy Drink 350ml,Traditional,2027-07-05,54,3.179055485617121
Energy Drink 350ml,Traditional,2027-07-12,55,3.3410572330995443
Energy Drink 350ml,Traditional,2027-07-19,56,3.1766477943253495
Energy Drink 350ml,Traditional,2027-07-26,57,3.087461385768169
Energy Drink 350ml,Traditional,2027-08-02,58,2.8224247383446075
Energy Drink 350ml,Traditional,2027-08-09,59,2.588190356330139
Energy Drink 350ml,Traditional,2027-08-16,60,2.771486077580363
Energy Drink 350ml,Traditional,2027-08-23,61,2.708921774635228
Energy Drink 350ml,Traditional,2027-08-30,62,2.7076625858507857
Energy Drink 350ml,Traditional,2027-09-06,63,2.219011362282173
Energy Drink 350ml,Traditional,2027-09-13,64,2.483284967324157
Energy Drink 350ml,Traditional,2027-09-20,65,2.392434686916461
Energy Drink 350ml,Traditional,2027-09-27,66,2.353194985254434
Energy Drink 350ml,Traditional,2027-10-04,67,2.040251805569994
Energy Drink 350ml,Traditional,2027-10-11,68,2.155561153277861
Energy Drink 350ml,Traditional,2027-10-18,69,2.1243973553552373
Energy Drink 350ml,Traditional,2027-10-25,70,2.131313097103185
Energy Drink 350ml,Traditional,2027-11-01,71,2.2865084542881986
Energy Drink 350ml,Traditional,2027-11-08,72,2.371091295074139
Energy Drink 350ml,Traditional,2027-11-15,73,2.12597521026084
Energy Drink 350ml,Traditional,2027-11-22,74,2.3640291930188875
Energy Drink 350ml,Traditional,2027-11-29,75,2.043027333294977
Energy Drink 350ml,Traditional,2027-12-06,76,2.7906730279639267
Energy Drink 350ml,Traditional,2027-12-13,77,2.7104174879110325
Energy Drink 350ml,Traditional,2027-12-20,78,2.495465690350032
Energy Drink 350ml,Supermarkets,2026-06-29,1,4.89338366417681
Energy Drink 350ml,Supermarkets,2026-07-06,2,4.387819298608992
Energy Drink 350ml,Supermarkets,2026-07-13,3,4.391340836896564
Energy Drink 350ml,Supermarkets,2026-07-20,4,3.9109969022284217
Energy Drink 350ml,Supermarkets,2026-07-27,5,4.067778317681681
Energy Drink 350ml,Supermarkets,2026-08-03,6,3.5435288270158765
Energy Drink 350ml,Supermarkets,2026-08-10,7,3.125447986725339
Energy Drink 350ml,Supermarkets,2026-08-17,8,3.734874239976543
Energy Drink 350ml,Supermarkets,2026-08-24,9,3.261359437953086
Energy Drink 350ml,Supermarkets,2026-08-31,10,3.3118817470746738
Energy Drink 350ml,Supermarkets,2026-09-07,11,2.8309009934806846
Energy Drink 350ml,Supermarkets,2026-09-14,12,2.4427838689931263
Energy Drink 350ml,Supermarkets,2026-09-21,13,2.5376409988225244
Energy Drink 350ml,Supermarkets,2026-09-28,14,2.568669290218137
Energy Drink 350ml,Supermarkets,2026-10-05,15,2.493157324869553
Energy Drink 350ml,Supermarkets,2026-10-12,16,2.5976440810506447
Energy Drink 350ml,Supermarkets,2026-10-19,17,2.8368094368586743
Energy Drink 350ml,Supermarkets,2026-10-26,18,2.900943511608878
Energy Drink 350ml,Supermarkets,2026-11-02,19,2.5895420632885977
Energy Drink 350ml,Supermarkets,2026-11-09,20,3.1264863388018886
Energy Drink 350ml,Supermarkets,2026-11-16,21,2.548424259788709
Energy Drink 350ml,Supermarkets,2026-11-23,22,3.225593434500783
Energy Drink 350ml,Supermarkets,2026-11-30,23,2.851120813703128
Energy Drink 350ml,Supermarkets,2026-12-07,24,3.569977350850303
Energy Drink 350ml,Supermarkets,2026-12-14,25,3.7794472943722175
Energy Drink 350ml,Supermarkets,2026-12-21,26,3.7236235019022503
Energy Drink 350ml,Supermarkets,2026-12-28,27,3.0822446079326644
Energy Drink 350ml,Supermarkets,2027-01-04,28,4.534806026077925
Energy Drink 350ml,Supermarkets,2027-01-11,29,4.326024806013823
Energy Drink 350ml,Supermarkets,2027-01-18,30,4.24846054178164
Energy Drink 350ml,Supermarkets,2027-01-25,31,4.214502445093742
Energy Drink 350ml,Supermarkets,2027-02-01,32,5.23241232784657
Energy Drink 350ml,Supermarkets,2027-02-08,33,5.103477828695934
Energy Drink 350ml,Supermarkets,2027-02-15,34,5.218588775049958
Energy Drink 350ml,Supermarkets,2027-02-22,35,5.125132585483982
Energy Drink 350ml,Supermarkets,2027-03-01,36,5.77195705690283
Energy Drink 350ml,Supermarkets,2027-03-08,37,5.753802470615582
Energy Drink 350ml,Supermarkets,2027-03-15,38,5.479800768007731
Energy Drink 350ml,Supermarkets,2027-03-22,39,6.03858864212716
Energy Drink 350ml,Supermarkets,2027-03-29,40,5.545835769459009
Energy Drink 350ml,Supermarkets,2027-04-05,41,6.102795252171633
Energy Drink 350ml,Supermarkets,2027-04-12,42,5.88302094260261
Energy Drink 350ml,Supermarkets,2027-04-19,43,5.95895948425823
Energy Drink 350ml,Supermarkets,2027-04-26,44,5.682396809343453
Energy Drink 350ml,Supermarkets,2027-05-03,45,6.00889627100778
Energy Drink 350ml,Supermarkets,2027-05-10,46,5.828143326840479
Energy Drink 350ml,Supermarkets,2027-05-17,47,5.719721626033962
Energy Drink 350ml,Supermarkets,2027-05-24,48,5.604461001622071
Energy Drink 350ml,Supermarkets,2027-05-31,49,5.777823455516552
Energy Drink 350ml,Supermarkets,2027-06-07,50,5.033007919033089
Energy Drink 350ml,Supermarkets,2027-06-14,51,5.035133815143935
Energy Drink 350ml,Supermarkets,2027-06-21,52,4.714321069341356
Energy Drink 350ml,Supermarkets,2027-06-28,53,5.324273566458604
Energy Drink 350ml,Supermarkets,2027-07-05,54,4.068280448013781
Energy Drink 350ml,Supermarkets,2027-07-12,55,4.200894396083542
Energy Drink 350ml,Supermarkets,2027-07-19,56,4.240586940016202
Energy Drink 350ml,Supermarkets,2027-07-26,57,3.997689229385311
Energy Drink 350ml,Supermarkets,2027-08-02,58,3.6289025450889634
Energy Drink 350ml,Supermarkets,2027-08-09,59,3.022394314579854
Energy Drink 350ml,Supermarkets,2027-08-16,60,3.0759926747989788
Energy Drink 350ml,Supermarkets,2027-08-23,61,3.826441620654072
Energy Drink 350ml,Supermarkets,2027-08-30,62,3.3262024762270297
Energy Drink 350ml,Supermarkets,2027-09-06,63,2.8257377075333237
Energy Drink 350ml,Supermarkets,2027-09-13,64,2.7962828886625806
Energy Drink 350ml,Supermarkets,2027-09-20,65,3.020469322407229
Energy Drink 350ml,Supermarkets,2027-09-27,66,2.6907232579987097
Energy Drink 350ml,Supermarkets,2027-10-04,67,3.0881321191660698
Energy Drink 350ml,Supermarkets,2027-10-11,68,2.5339560548187157
Energy Drink 350ml,Supermarkets,2027-10-18,69,2.4042033359303647
Energy Drink 350ml,Supermarkets,2027-10-25,70,2.678083576627945
Energy Drink 350ml,Supermarkets,2027-11-01,71,2.9056342038422565
Energy Drink 350ml,Supermarkets,2027-11-08,72,3.187659299992802
Energy Drink 350ml,Supermarkets,2027-11-15,73,2.8717179921109133
Energy Drink 350ml,Supermarkets,2027-11-22,74,3.17291608814618
Energy Drink 350ml,Supermarkets,2027-11-29,75,3.088295895125328
Energy Drink 350ml,Supermarkets,2027-12-06,76,3.6710558839106033
Energy Drink 350ml,Supermarkets,2027-12-13,77,3.471844596067175
Energy Drink 350ml,Supermarkets,2027-12-20,78,3.4588466433607032
Natural Juice 1L,Traditional,2026-06-29,1,5.368345758270081
Natural Juice 1L,Traditional,2026-07-06,2,4.416838926478558
Natural Juice 1L,Traditional,2026-07-13,3,4.647672380230103
Natural Juice 1L,Traditional,2026-07-20,4,4.447897298385435
Natural Juice 1L,Traditional,2026-07-27,5,4.590511130270367
Natural Juice 1L,Traditional,2026-08-03,6,3.7723426251162318
Natural Juice 1L,Traditional,2026-08-10,7,3.820457654738874
Natural Juice 1L,Traditional,2026-08-17,8,3.972630573904567
Natural Juice 1L,Traditional,2026-08-24,9,3.67269762920905
Natural Juice 1L,Traditional,2026-08-31,10,3.6199397623891953
Natural Juice 1L,Traditional,2026-09-07,11,2.7126421536652936
Natural Juice 1L,Traditional,2026-09-14,12,2.653825954962068
Natural Juice 1L,Traditional,2026-09-21,13,3.135049597470922
Natural Juice 1L,Traditional,2026-09-28,14,2.7607357207923786
Natural Juice 1L,Traditional,2026-10-05,15,2.3171165223013896
Natural Juice 1L,Traditional,2026-10-12,16,2.538790936994169
Natural Juice 1L,Traditional,2026-10-19,17,2.5121804720063037
Natural Juice 1L,Traditional,2026-10-26,18,2.830396355771198
Natural Juice 1L,Traditional,2026-11-02,19,3.516000250834579
Natural Juice 1L,Traditional,2026-11-09,20,3.4397008133272444
Natural Juice 1L,Traditional,2026-11-16,21,3.6376952190139655
Natural Juice 1L,Traditional,2026-11-23,22,3.215966638292346
Natural Juice 1L,Traditional,2026-11-30,23,3.245031591704806
Natural Juice 1L,Traditional,2026-12-07,24,4.202603083141579
Natural Juice 1L,Traditional,2026-12-14,25,4.112233334411641
Natural Juice 1L,Traditional,2026-12-21,26,4.262519869442326
Natural Juice 1L,Traditional,2026-12-28,27,3.766178240900717
Natural Juice 1L,Traditional,2027-01-04,28,4.935153166521301
Natural Juice 1L,Traditional,2027-01-11,29,4.599367081039755
Natural Juice 1L,Traditional,2027-01-18,30,4.7675828073224205
Natural Juice 1L,Traditional,2027-01-25,31,5.087227746155831
Natural Juice 1L,Traditional,2027-02-01,32,5.21404901549909
Natural Juice 1L,Traditional,2027-02-08,33,5.296877967356133
Natural Juice 1L,Traditional,2027-02-15,34,4.918439980438981
Natural Juice 1L,Traditional,2027-02-22,35,5.121141791652891
Natural Juice 1L,Traditional,2027-03-01,36,6.1248447680474
Natural Juice 1L,Traditional,2027-03-08,37,6.266219925992772
Natural Juice 1L,Traditional,2027-03-15,38,6.26822921794754
Natural Juice 1L,Traditional,2027-03-22,39,6.085812662464203
Natural Juice 1L,Traditional,2027-03-29,40,6.031931558581988
Natural Juice 1L,Traditional,2027-04-05,41,6.065969677088647
Natural Juice 1L,Traditional,2027-04-12,42,6.256298294365976
Natural Juice 1L,Traditional,2027-04-19,43,6.52695526669367
Natural Juice 1L,Traditional,2027-04-26,44,6.336955619711377
Natural Juice 1L,Traditional,2027-05-03,45,5.5177196290650805
Natural Juice 1L,Traditional,2027-05-10,46,5.971367270707317
Natural Juice 1L,Traditional,2027-05-17,47,5.539574502137937
Natural Juice 1L,Traditional,2027-05-24,48,5.941370934336165
Natural Juice 1L,Traditional,2027-05-31,49,5.833116227439925
Natural Juice 1L,Traditional,2027-06-07,50,5.311330744608002
Natural Juice 1L,Traditional,2027-06-14,51,5.597753685787116
Natural Juice 1L,Traditional,2027-06-21,52,5.209081526331206
Natural Juice 1L,Traditional,2027-06-28,53,5.4174167118878565
Natural Juice 1L,Traditional,2027-07-05,54,4.291904204844152
Natural Juice 1L,Traditional,2027-07-12,55,4.850228064636049
Natural Juice 1L,Traditional,2027-07-19,56,4.943969109510782
Natural Juice 1L,Traditional,2027-07-26,57,4.4595737412002965
Natural Juice 1L,Traditional,2027-08-02,58,3.548892596932313
Natural Juice 1L,Traditional,2027-08-09,59,4.0531527560844625
Natural Juice 1L,Traditional,2027-08-16,60,3.6123957753013607
Natural Juice 1L,Traditional,2027-08-23,61,3.877631284649591
Natural Juice 1L,Traditional,2027-08-30,62,3.6207151551522676
Natural Juice 1L,Traditional,2027-09-06,63,2.6832130199284188
Natural Juice 1L,Traditional,2027-09-13,64,2.886291698176623
Natural Juice 1L,Traditional,2027-09-20,65,2.5674927455795675
Natural Juice 1L,Traditional,2027-09-27,66,2.5198713068385366
Natural Juice 1L,Traditional,2027-10-04,67,2.515332779625607
Natural Juice 1L,Traditional,2027-10-11,68,2.3363734429297427
Natural Juice 1L,Traditional,2027-10-18,69,3.0054794524917723
Natural Juice 1L,Traditional,2027-10-25,70,2.6106981994400345
Natural Juice 1L,Traditional,2027-11-01,71,3.283674946358537
Natural Juice 1L,Traditional,2027-11-08,72,3.712844204074912
Natural Juice 1L,Traditional,2027-11-15,73,2.9851958381656347
Natural Juice 1L,Traditional,2027-11-22,74,3.4855103279246133
Natural Juice 1L,Traditional,2027-11-29,75,2.996899243725784
Natural Juice 1L,Traditional,2027-12-06,76,3.7959104550361746
Natural Juice 1L,Traditional,2027-12-13,77,4.80451040749486
Natural Juice 1L,Traditional,2027-12-20,78,4.590682992130058
Whole Grain Crackers 200g,Supermarkets,2026-06-29,1,2.884251672936886
Whole Grain Crackers 200g,Supermarkets,2026-07-06,2,3.0198615263556867
Whole Grain Crackers 200g,Supermarkets,2026-07-13,3,2.972343216450965
Whole Grain Crackers 200g,Supermarkets,2026-07-20,4,2.8732659787233157
Whole Grain Crackers 200g,Supermarkets,2026-07-27,5,2.7474249061151035
Whole Grain Crackers 200g,Supermarkets,2026-08-03,6,2.8097358130097274
Whole Grain Crackers 200g,Supermarkets,2026-08-10,7,2.7846205610054855
Whole Grain Crackers 200g,Supermarkets,2026-08-17,8,2.692221542649667
Whole Grain Crackers 200g,Supermarkets,2026-08-24,9,2.871921621832368
Whole Grain Crackers 200g,Supermarkets,2026-08-31,10,2.667873303107362
Whole Grain Crackers 200g,Supermarkets,2026-09-07,11,2.7952560563547433
Whole Grain Crackers 200g,Supermarkets,2026-09-14,12,2.7371741710044626
Whole Grain Crackers 200g,Supermarkets,2026-09-21,13,2.7889936342988637
Whole Grain Crackers 200g,Supermarkets,2026-09-28,14,2.847624557996792
Whole Grain Crackers 200g,Supermarkets,2026-10-05,15,2.6065361794565085
Whole Grain Crackers 200g,Supermarkets,2026-10-12,16,2.6369342616861395
Whole Grain Crackers 200g,Supermarkets,2026-10-19,17,2.73483478668199
Whole Grain Crackers 200g,Supermarkets,2026-10-26,18,2.776619578974632
Whole Grain Crackers 200g,Supermarkets,2026-11-02,19,2.507027607720103
Whole Grain Crackers 200g,Supermarkets,2026-11-09,20,2.5432934473513447
Whole Grain Crackers 200g,Supermarkets,2026-11-16,21,2.4298093338690476
Whole Grain Crackers 200g,Supermarkets,2026-11-23,22,2.611858162669554
Whole Grain Crackers 200g,Supermarkets,2026-11-30,23,2.4500048577355216
Whole Grain Crackers 200g,Supermarkets,2026-12-07,24,2.4955291305379435
Whole Grain Crackers 200g,Supermarkets,2026-12-14,25,2.519556909953232
Whole Grain Crackers 200g,Supermarkets,2026-12-21,26,2.338159565274957
Whole Grain Crackers 200g,Supermarkets,2026-12-28,27,2.408022912218792
Whole Grain Crackers 200g,Supermarkets,2027-01-04,28,2.3203230045127428
Whole Grain Crackers 200g,Supermarkets,2027-01-11,29,2.310547735009651
Whole Grain Crackers 200g,Supermarkets,2027-01-18,30,2.291460380998076
Whole Grain Crackers 200g,Supermarkets,2027-01-25,31,2.4755909070721094
Whole Grain Crackers 200g,Supermarkets,2027-02-01,32,2.230330517278851
Whole Grain Crackers 200g,Supermarkets,2027-02-08,33,2.40016346138225
Whole Grain Crackers 200g,Supermarkets,2027-02-15,34,2.4089492071301213
Whole Grain Crackers 200g,Supermarkets,2027-02-22,35,2.391090959647457
Whole Grain Crackers 200g,Supermarkets,2027-03-01,36,2.3874712588745095
Whole Grain Crackers 200g,Supermarkets,2027-03-08,37,2.439770369488123
Whole Grain Crackers 200g,Supermarkets,2027-03-15,38,2.097824278212923
Whole Grain Crackers 200g,Supermarkets,2027-03-22,39,2.3047511064537805
Whole Grain Crackers 200g,Supermarkets,2027-03-29,40,2.342525262954032
Whole Grain Crackers 200g,Supermarkets,2027-04-05,41,2.278790467148032
Whole Grain Crackers 200g,Supermarkets,2027-04-12,42,2.442552195247766
Whole Grain Crackers 200g,Supermarkets,2027-04-19,43,2.2693392557173238
Whole Grain Crackers 200g,Supermarkets,2027-04-26,44,2.1780683754712213
Whole Grain Crackers 200g,Supermarkets,2027-05-03,45,2.4282802366102247
Whole Grain Crackers 200g,Supermarkets,2027-05-10,46,2.435400631701343
Whole Grain Crackers 200g,Supermarkets,2027-05-17,47,2.4636518781532537
Whole Grain Crackers 200g,Supermarkets,2027-05-24,48,2.379999315617365
Whole Grain Crackers 200g,Supermarkets,2027-05-31,49,2.3757130839016045
Whole Grain Crackers 200g,Supermarkets,2027-06-07,50,2.482350116103224
Whole Grain Crackers 200g,Supermarkets,2027-06-14,51,2.649980070148744
Whole Grain Crackers 200g,Supermarkets,2027-06-21,52,2.597867022467838
Whole Grain Crackers 200g,Supermarkets,2027-06-28,53,2.633938973547098
Whole Grain Crackers 200g,Supermarkets,2027-07-05,54,2.5021638315140002
Whole Grain Crackers 200g,Supermarkets,2027-07-12,55,2.681889272997134
Whole Grain Crackers 200g,Supermarkets,2027-07-19,56,2.3970718514496077
Whole Grain Crackers 200g,Supermarkets,2027-07-26,57,2.440193396476782
Whole Grain Crackers 200g,Supermarkets,2027-08-02,58,2.500912883108222
Whole Grain Crackers 200g,Supermarkets,2027-08-09,59,2.475719017247136
Whole Grain Crackers 200g,Supermarkets,2027-08-16,60,2.418493619696769
Whole Grain Crackers 200g,Supermarkets,2027-08-23,61,2.53510596540961
Whole Grain Crackers 200g,Supermarkets,2027-08-30,62,2.4543345529217167
Whole Grain Crackers 200g,Supermarkets,2027-09-06,63,2.646432598149783
Whole Grain Crackers 200g,Supermarkets,2027-09-13,64,2.370607496836091
Whole Grain Crackers 200g,Supermarkets,2027-09-20,65,2.500158827194759
Whole Grain Crackers 200g,Supermarkets,2027-09-27,66,2.4708473381309055
Whole Grain Crackers 200g,Supermarkets,2027-10-04,67,2.4199732417878885
Whole Grain Crackers 200g,Supermarkets,2027-10-11,68,2.403966087632461
Whole Grain Crackers 200g,Supermarkets,2027-10-18,69,2.319739286324468
Whole Grain Crackers 200g,Supermarkets,2027-10-25,70,2.3248965879436856
Whole Grain Crackers 200g,Supermarkets,2027-11-01,71,2.3217739815495793
Whole Grain Crackers 200g,Supermarkets,2027-11-08,72,2.324079803656935
Whole Grain Crackers 200g,Supermarkets,2027-11-15,73,2.235128830712199
Whole Grain Crackers 200g,Supermarkets,2027-11-22,74,2.326811067349924
Whole Grain Crackers 200g,Supermarkets,2027-11-29,75,2.1379622220200694
Whole Grain Crackers 200g,Supermarkets,2027-12-06,76,1.9942420046466478
Whole Grain Crackers 200g,Supermarkets,2027-12-13,77,2.198751515258427
Whole Grain Crackers 200g,Supermarkets,2027-12-20,78,2.2450766198853356
Flavored Water 500ml,Traditional,2026-06-29,1,3.1698341663240046
Flavored Water 500ml,Traditional,2026-07-06,2,2.1015230804474956
Flavored Water 500ml,Traditional,2026-07-13,3,2.3616253474940976
Flavored Water 500ml,Traditional,2026-07-20,4,2.3278375585443394
Flavored Water 500ml,Traditional,2026-07-27,5,2.4443256394583748
Flavored Water 500ml,Traditional,2026-08-03,6,1.8109012461541976
Flavored Water 500ml,Traditional,2026-08-10,7,1.983041324685037
Flavored Water 500ml,Traditional,2026-08-17,8,1.873679388619832
Flavored Water 500ml,Traditional,2026-08-24,9,1.5453726817479785
Flavored Water 500ml,Traditional,2026-08-31,10,2.035028182328167
Flavored Water 500ml,Traditional,2026-09-07,11,1.609642060885032
Flavored Water 500ml,Traditional,2026-09-14,12,1.7419802316684752
Flavored Water 500ml,Traditional,2026-09-21,13,1.7472965999443326
Flavored Water 500ml,Traditional,2026-09-28,14,1.660031521524306
Flavored Water 500ml,Traditional,2026-10-05,15,1.6686261395534288
Flavored Water 500ml,Traditional,2026-10-12,16,1.3815845016997317
Flavored Water 500ml,Traditional,2026-10-19,17,1.4528517094726032
Flavored Water 500ml,Traditional,2026-10-26,18,1.3566991906252883
Flavored Water 500ml,Traditional,2026-11-02,19,1.3021695478808977
Flavored Water 500ml,Traditional,2026-11-09,20,1.4719650216665092
Flavored Water 500ml,Traditional,2026-11-16,21,1.5061530985963993
Flavored Water 500ml,Traditional,2026-11-23,22,1.5340991686554006
Flavored Water 500ml,Traditional,2026-11-30,23,1.511346345853107
Flavored Water 500ml,Traditional,2026-12-07,24,2.18457666240356
Flavored Water 500ml,Traditional,2026-12-14,25,2.1166450045044773
Flavored Water 500ml,Traditional,2026-12-21,26,2.137725944873428
Flavored Water 500ml,Traditional,2026-12-28,27,1.8426162097900036
Flavored Water 500ml,Traditional,2027-01-04,28,2.480722127807671
Flavored Water 500ml,Traditional,2027-01-11,29,2.6763713933061752
Flavored Water 500ml,Traditional,2027-01-18,30,2.85223474938659
Flavored Water 500ml,Traditional,2027-01-25,31,2.546443379034298
Flavored Water 500ml,Traditional,2027-02-01,32,2.8792127149740447
Flavored Water 500ml,Traditional,2027-02-08,33,2.8579404642109205
Flavored Water 500ml,Traditional,2027-02-15,34,2.5707486437639373
Flavored Water 500ml,Traditional,2027-02-22,35,2.9132283264386074
Flavored Water 500ml,Traditional,2027-03-01,36,2.963255669264189
Flavored Water 500ml,Traditional,2027-03-08,37,3.0026332652067804
Flavored Water 500ml,Traditional,2027-03-15,38,2.9705315828933028
Flavored Water 500ml,Traditional,2027-03-22,39,3.0160492623216935
Flavored Water 500ml,Traditional,2027-03-29,40,3.3046305632827337
Flavored Water 500ml,Traditional,2027-04-05,41,3.134226369958502
Flavored Water 500ml,Traditional,2027-04-12,42,3.0618668006201415
Flavored Water 500ml,Traditional,2027-04-19,43,3.1215460265665227
Flavored Water 500ml,Traditional,2027-04-26,44,3.3119379847482664
Flavored Water 500ml,Traditional,2027-05-03,45,3.168864691861893
Flavored Water 500ml,Traditional,2027-05-10,46,3.0874515566067284
Flavored Water 500ml,Traditional,2027-05-17,47,3.359017123918222
Flavored Water 500ml,Traditional,2027-05-24,48,2.977998344616103
Flavored Water 500ml,Traditional,2027-05-31,49,3.184148146945807
Flavored Water 500ml,Traditional,2027-06-07,50,2.6698252355012895
Flavored Water 500ml,Traditional,2027-06-14,51,2.381256135709064
Flavored Water 500ml,Traditional,2027-06-21,52,2.449358973280465
Flavored Water 500ml,Traditional,2027-06-28,53,2.57158826535003
Flavored Water 500ml,Traditional,2027-07-05,54,1.7457107047952207
Flavored Water 500ml,Traditional,2027-07-12,55,1.766920362001885
Flavored Water 500ml,Traditional,2027-07-19,56,1.3599888268363398
Flavored Water 500ml,Traditional,2027-07-26,57,1.7841491174907478
Flavored Water 500ml,Traditional,2027-08-02,58,1.2507071616513676
Flavored Water 500ml,Traditional,2027-08-09,59,1.04773030209248
Flavored Water 500ml,Traditional,2027-08-16,60,1.3332419508584792
Flavored Water 500ml,Traditional,2027-08-23,61,1.4517949968676311
Flavored Water 500ml,Traditional,2027-08-30,62,1.2408653573329629
Flavored Water 500ml,Traditional,2027-09-06,63,0.7374288017502024
Flavored Water 500ml,Traditional,2027-09-13,64,0.94628822042537
Flavored Water 500ml,Traditional,2027-09-20,65,1.07393960059286
Flavored Water 500ml,Traditional,2027-09-27,66,0.9695872444320768
Flavored Water 500ml,Traditional,2027-10-04,67,0.5172761960758943
Flavored Water 500ml,Traditional,2027-10-11,68,0.8995337077252719
Flavored Water 500ml,Traditional,2027-10-18,69,0.5984121178567714
Flavored Water 500ml,Traditional,2027-10-25,70,0.5899540262595644
Flavored Water 500ml,Traditional,2027-11-01,71,0.8044964057562696
Flavored Water 500ml,Traditional,2027-11-08,72,0.7350107665301222
Flavored Water 500ml,Traditional,2027-11-15,73,0.7378566001859515
Flavored Water 500ml,Traditional,2027-11-22,74,0.8762113413697177
Flavored Water 500ml,Traditional,2027-11-29,75,0.5473269968514836
Flavored Water 500ml,Traditional,2027-12-06,76,1.643155680820985
Flavored Water 500ml,Traditional,2027-12-13,77,1.3652489231965572
Flavored Water 500ml,Traditional,2027-12-20,78,1.242250635584751
Flavored Water 500ml,E-commerce,2026-06-29,1,1.9666306682999375
Flavored Water 500ml,E-commerce,2026-07-06,2,2.046390362225911
Flavored Water 500ml,E-commerce,2026-07-13,3,0.6465203967742387
Flavored Water 500ml,E-commerce,2026-07-20,4,1.5455161542843485
Flavored Water 500ml,E-commerce,2026-07-27,5,1.0214292994280303
Flavored Water 500ml,E-commerce,2026-08-03,6,0.9140038916533998
Flavored Water 500ml,E-commerce,2026-08-10,7,1.0197226704252629
Flavored Water 500ml,E-commerce,2026-08-17,8,1.130620291105326
Flavored Water 500ml,E-commerce,2026-08-24,9,1.2920140857896654
Flavored Water 500ml,E-commerce,2026-08-31,10,1.4404122979465945
Flavored Water 500ml,E-commerce,2026-09-07,11,1.6176400645434172
Flavored Water 500ml,E-commerce,2026-09-14,12,1.5603538974819082
Flavored Water 500ml,E-commerce,2026-09-21,13,1.2255615201716434
Flavored Water 500ml,E-commerce,2026-09-28,14,1.2920716176677802
Flavored Water 500ml,E-commerce,2026-10-05,15,1.5116025755421725
Flavored Water 500ml,E-commerce,2026-10-12,16,0.9802510982119441
Flavored Water 500ml,E-commerce,2026-10-19,17,1.1457802105021186
Flavored Water 500ml,E-commerce,2026-10-26,18,0.9862296637738274
Flavored Water 500ml,E-commerce,2026-11-02,19,1.119119026125242
Flavored Water 500ml,E-commerce,2026-11-09,20,1.2187111213245692
Flavored Water 500ml,E-commerce,2026-11-16,21,1.0580332311963072
Flavored Water 500ml,E-commerce,2026-11-23,22,0.997919925617966
Flavored Water 500ml,E-commerce,2026-11-30,23,1.2662227663800447
Flavored Water 500ml,E-commerce,2026-12-07,24,1.1899948290054065
Flavored Water 500ml,E-commerce,2026-12-14,25,1.1446968946102754
Flavored Water 500ml,E-commerce,2026-12-21,26,1.1569214620629908
Flavored Water 500ml,E-commerce,2026-12-28,27,0.8485865333934304
Flavored Water 500ml,E-commerce,2027-01-04,28,1.3650768780668525
Flavored Water 500ml,E-commerce,2027-01-11,29,1.5475276689265345
Flavored Water 500ml,E-commerce,2027-01-18,30,1.6132846027885526
Flavored Water 500ml,E-commerce,2027-01-25,31,1.8293599792885196
Flavored Water 500ml,E-commerce,2027-02-01,32,1.8704917826549379
Flavored Water 500ml,E-commerce,2027-02-08,33,2.4791488564986044
Flavored Water 500ml,E-commerce,2027-02-15,34,2.337280748000381
Flavored Water 500ml,E-commerce,2027-02-22,35,2.4534699460010527
Flavored Water 500ml,E-commerce,2027-03-01,36,1.988283095956198
Flavored Water 500ml,E-commerce,2027-03-08,37,1.2074552834570944
Flavored Water 500ml,E-commerce,2027-03-15,38,2.344776885553147
Flavored Water 500ml,E-commerce,2027-03-22,39,2.3276821821342
Flavored Water 500ml,E-commerce,2027-03-29,40,2.150237292021889
Flavored Water 500ml,E-commerce,2027-04-05,41,2.175345328205777
Flavored Water 500ml,E-commerce,2027-04-12,42,3.0626471842066247
Flavored Water 500ml,E-commerce,2027-04-19,43,2.473305961643089
Flavored Water 500ml,E-commerce,2027-04-26,44,3.286712539033044
Flavored Water 500ml,E-commerce,2027-05-03,45,2.8774079969145765
Flavored Water 500ml,E-commerce,2027-05-10,46,3.2377123941203894
Flavored Water 500ml,E-commerce,2027-05-17,47,4.361778185121085
Flavored Water 500ml,E-commerce,2027-05-24,48,2.537566989379583
Flavored Water 500ml,E-commerce,2027-05-31,49,1.8469820043292131
Flavored Water 500ml,E-commerce,2027-06-07,50,2.6568744216051394
Flavored Water 500ml,E-commerce,2027-06-14,51,2.477633475813076
Flavored Water 500ml,E-commerce,2027-06-21,52,2.64104821225049
Flavored Water 500ml,E-commerce,2027-06-28,53,2.595563888663971
Flavored Water 500ml,E-commerce,2027-07-05,54,2.0932417761754514
Flavored Water 500ml,E-commerce,2027-07-12,55,2.1266168086072677
Flavored Water 500ml,E-commerce,2027-07-19,56,2.540756805270833
Flavored Water 500ml,E-commerce,2027-07-26,57,1.884599087887972
Flavored Water 500ml,E-commerce,2027-08-02,58,2.531018697969577
Flavored Water 500ml,E-commerce,2027-08-09,59,1.8332475222287337
Flavored Water 500ml,E-commerce,2027-08-16,60,2.66513195957393
Flavored Water 500ml,E-commerce,2027-08-23,61,1.7782228486934142
Flavored Water 500ml,E-commerce,2027-08-30,62,2.71473936534806
Flavored Water 500ml,E-commerce,2027-09-06,63,2.636646824932815
Flavored Water 500ml,E-commerce,2027-09-13,64,2.2685521617659683
Flavored Water 500ml,E-commerce,2027-09-20,65,1.7434831961758839
Flavored Water 500ml,E-commerce,2027-09-27,66,1.6328279016086718
Flavored Water 500ml,E-commerce,2027-10-04,67,2.780352549325187
Flavored Water 500ml,E-commerce,2027-10-11,68,1.9094111660201731
Flavored Water 500ml,E-commerce,2027-10-18,69,2.6949091444683897
Flavored Water 500ml,E-commerce,2027-10-25,70,2.2208540859127477
Flavored Water 500ml,E-commerce,2027-11-01,71,2.049343499852283
Flavored Water 500ml,E-commerce,2027-11-08,72,2.3422065405805435
Flavored Water 500ml,E-commerce,2027-11-15,73,2.1363512759995213
Flavored Water 500ml,E-commerce,2027-11-22,74,2.7445780285867345
Flavored Water 500ml,E-commerce,2027-11-29,75,1.4441348379224754
Flavored Water 500ml,E-commerce,2027-12-06,76,2.3000815737493916
Flavored Water 500ml,E-commerce,2027-12-13,77,1.2365046627638465
Flavored Water 500ml,E-commerce,2027-12-20,78,1.625018036279304
